1654274064,prophouse,https://prop.house/lil-nouns,"LilNoun Garden Planters"
1654232924,prophouse,https://prop.house/lil-nouns,"One Million Nouns Collection"
1654725539,prophouse,https://prop.house/lil-nouns,"üåè Lil Nouns Friends Around The World ‚úàÔ∏è"
1654451213,prophouse,https://prop.house/lil-nouns,"Act of gathering interest"
1654650148,prophouse,https://prop.house/lil-nouns,"Lil Nouns Trait Finder"
1654725570,prophouse,https://prop.house/lil-nouns,"Lil Nouns API & Lil Noun, Big Noun app"
1654534432,prophouse,https://prop.house/lil-nouns,"LilNoun Hugs Noun "
1654534647,prophouse,https://prop.house/lil-nouns,"LilNoun Telegram icons. "
1654535337,prophouse,https://prop.house/lil-nouns,"Lil Nouns Blog via nouns.blog"
1654663039,prophouse,https://prop.house/lil-nouns,"Nounify the PFP Universe"
1654536626,prophouse,https://prop.house/lil-nouns,"Add streaming video to nouns"
1654680734,prophouse,https://prop.house/lil-nouns,"Lil Nouns Glasses AR filter ‚åê‚ó®-‚ó®"
1654536683,prophouse,https://prop.house/lil-nouns,"Nouns in Seoul, Korea"
1654688509,prophouse,https://prop.house/lil-nouns,"Lil Nouns Pixel Coloring Worksheets"
1654695677,prophouse,https://prop.house/lil-nouns,"üå≥ Lil'Nouns Forest - Green Nouns üå≥"
1654702779,prophouse,https://prop.house/lil-nouns,"Dashboard Android App For Lil Nouns and Nouns"
1654123521,prophouse,https://prop.house/lil-nouns,"Let's turn 2 Lil Nouns into 3D! ‚åê‚ó®-‚ó®"
1654124643,prophouse,https://prop.house/lil-nouns,"LIL Nouns SubDomains"
1654715754,prophouse,https://prop.house/lil-nouns,"Know your Community: Who are the Lil Nouns?"
1654608147,prophouse,https://prop.house/lil-nouns,"1000 Lil Nouns by Motiondesign.eth"
1654139298,prophouse,https://prop.house/lil-nouns,"Physical Nouns Product Drops"
1654669954,prophouse,https://prop.house/lil-nouns,"Lil Nouns Newsletter/ Podcast"
1654720645,prophouse,https://prop.house/lil-nouns,"Nouns in Sandbox!"
1654619985,prophouse,https://prop.house/lil-nouns,"NounsDAO Code Review"
1654724900,prophouse,https://prop.house/lil-nouns,"Proliferate the meme through a tasty Lil Bean"
1654165905,prophouse,https://prop.house/lil-nouns,"Illustrated LilNouns NFT Collectible"
1654725011,prophouse,https://prop.house/lil-nouns,"ANIMATE LIL NOUNS"
1654598313,prophouse,https://prop.house/lil-nouns,"Build a visual asset library in Lil Noun style"
1654168776,prophouse,https://prop.house/lil-nouns,"Cloud Nine Kits ‚òÅÔ∏è "
1654185314,prophouse,https://prop.house/lil-nouns,"Educate kids with Lilnouns"
1656527308,prophouse,https://prop.house/lil-nouns,"3D Lil Nouns animated gang"
1656205181,prophouse,https://prop.house/lil-nouns,"Nounish Raffles"
1656230683,prophouse,https://prop.house/lil-nouns,"Lil nouns Dao X Blockcasts"
1656305855,prophouse,https://prop.house/lil-nouns,"Lil Nouns goes to twitch! "
1656256871,prophouse,https://prop.house/lil-nouns,"Settle ~50 Lil Nouns Auctions"
1656517953,prophouse,https://prop.house/lil-nouns,"üéà Lil Nouns 3D coloring book üéà"
1656531552,prophouse,https://prop.house/lil-nouns,"Lil Nouns' 3D-Printed Custom Glasses"
1656247633,prophouse,https://prop.house/lil-nouns,"Explaining lilnouns - Mirror Article"
1656260457,prophouse,https://prop.house/lil-nouns,"Lil Nouns Traits Finder (revived!)"
1656516737,prophouse,https://prop.house/lil-nouns,"üåê Lil Nouns in Spanish (WEBSITE)! "
1656528034,prophouse,https://prop.house/lil-nouns,"Peque√±os Nouns y CC0, guia introductoria para el hispanohablantes."
1656271282,prophouse,https://prop.house/lil-nouns,"Lil Noun Pet - a virtual pet app for iOS."
1656539299,prophouse,https://prop.house/lil-nouns,"Professional 3D Lil Noun animated video ‚≠êÔ∏è"
1656207036,prophouse,https://prop.house/lil-nouns,"3d printer STL Noun Glasses"
1656521608,prophouse,https://prop.house/lil-nouns,"10x 3D Lil Nouns for Twitter giveaway üê¶ "
1656534219,prophouse,https://prop.house/lil-nouns,"‚åê‚ó®-‚ó®  NOUNS INTERACTIVE CHAT-BOT ‚åê‚ó®-‚ó® "
1656537665,prophouse,https://prop.house/lil-nouns,"Emoji Portrait DAPP"
1656149243,prophouse,https://prop.house/lil-nouns,"Lil Nouns Stickers, mural and posters."
1656525211,prophouse,https://prop.house/lil-nouns,"CharityNounsDAO"
1656535038,prophouse,https://prop.house/lil-nouns,"100 Nounish hoodies for homeless people"
1656501665,prophouse,https://prop.house/lil-nouns,"Lil Nouns ELI5 Press / PR Pack"
1656539241,prophouse,https://prop.house/lil-nouns,"Amplify Lil Nouns - Artisan Wooden Sound Amplifier üîä"
1656278705,prophouse,https://prop.house/lil-nouns,"# üöÄ LIL ROCKET NOUN | NounGames"
1656539934,prophouse,https://prop.house/lil-nouns,"Imaginouns!"
1656436299,prophouse,https://prop.house/lil-nouns,"Lil Noun 3D character! ‚åê‚ó®-‚ó®"
1656537303,prophouse,https://prop.house/lil-nouns,"üß™ Lil Experiments: #1 Auction Settlement"
1656514621,prophouse,https://prop.house/lil-nouns,"Lil Nouns Pixel art by Ozzz! üé®"
1656518788,prophouse,https://prop.house/lil-nouns,"üå¥‚òÄÔ∏èMiami Nouns / LiL Nouns Meet Up"
1656527784,prophouse,https://prop.house/lil-nouns,"Lil Noun Metaverse Wearables üï∂"
1656528838,prophouse,https://prop.house/lil-nouns,"Lady Light x Lil Nouns "
1656527340,prophouse,https://prop.house/lil-nouns,"Lil Noun Metaverse Wearables  üï∂ "
1656536363,prophouse,https://prop.house/lil-nouns,"Lil Noun weekly Twitter Spaces host üé§"
1656535762,prophouse,https://prop.house/lil-nouns,"Follow-on funding of cc0 Sundays"
1656539358,prophouse,https://prop.house/lil-nouns,"Lil Field Trip # 1: SF Botanical Garden"
1656537710,prophouse,https://prop.house/lil-nouns,"‚åê‚ó®-‚ó® LIL NOUNS 3D AND PHYSICAL SNEAKERS "
1657747537,prophouse,https://prop.house/lil-nouns,"Improving lilnouns discord "
1657765545,prophouse,https://prop.house/lil-nouns,"Nounish Digital Wardrobe"
1657779480,prophouse,https://prop.house/lil-nouns,"Guerrilla On-the-ground (Lil) Nouns Proliferation in the üáµüá≠"
1657672424,prophouse,https://prop.house/lil-nouns,"‚ù§Ô∏èNounify Children's Hearts‚ù§Ô∏è"
1657834709,prophouse,https://prop.house/lil-nouns,"Lil Nouns Metaverse Museum üèõ"
1657406163,prophouse,https://prop.house/lil-nouns,"Alcanc√≠a - Supercharging savings with the power of crypto in LATAM"
1657557326,prophouse,https://prop.house/lil-nouns,"Emoji portrait DAPP"
1657712712,prophouse,https://prop.house/lil-nouns,"Nounish Raffles"
1657825907,prophouse,https://prop.house/lil-nouns,"Voting Experiments"
1657726522,prophouse,https://prop.house/lil-nouns,"1 Click Nounify the PFP Universe"
1657829160,prophouse,https://prop.house/lil-nouns,"üé•Shining Nouns! Projection Mapping for Proliferation!üé•"
1657747260,prophouse,https://prop.house/lil-nouns,"Add more value to lilnouns"
1657747368,prophouse,https://prop.house/lil-nouns,"P2e integration "
1657555107,prophouse,https://prop.house/lil-nouns,"LIL NOUNISH POTTED PLANTS"
1657830878,prophouse,https://prop.house/lil-nouns,"Nouns OS"
1657736537,prophouse,https://prop.house/lil-nouns,"Lil Noun Pet - a virtual pet app for iOSüì±"
1657756026,prophouse,https://prop.house/lil-nouns,"Adoption Nounish Pet ‚åê‚ó®-‚ó®"
1657758895,prophouse,https://prop.house/lil-nouns,"NOUNS Specialty Cold Brew Coffee"
1657781299,prophouse,https://prop.house/lil-nouns," NOUNS PLUSHIES! üß∏"
1657796095,prophouse,https://prop.house/lil-nouns,"Lil Nouns NoCode App"
1657797007,prophouse,https://prop.house/lil-nouns,"Burn Protocol"
1657823876,prophouse,https://prop.house/lil-nouns,"NounsDAO A-Z Series üìö"
1657834353,prophouse,https://prop.house/lil-nouns,"Lil Nouns AR Instagram Filters ‚åê‚ó®-‚ó® (proof of concept)"
1657833395,prophouse,https://prop.house/lil-nouns,"üö® Lil Noun Coloring Book (with MEMES & 3D!) üéà"
1657835532,prophouse,https://prop.house/lil-nouns,"Add Lil Noggles to The Noggle Factory ‚åê‚óß-‚óß"
1657822348,prophouse,https://prop.house/lil-nouns,"Lil Interviews"
1657834869,prophouse,https://prop.house/lil-nouns,"Auction Tracker Chrome Extension"
1657741745,prophouse,https://prop.house/lil-nouns,"Lil Noun Bourbon (first of Lil Noun Spirits line) - via Liquid Collections"
1657828048,prophouse,https://prop.house/lil-nouns,"Lil Games Grant"
1657831817,prophouse,https://prop.house/lil-nouns,"Lil Forms Dapp - First-ever token-gated forms"
1658385076,prophouse,https://prop.house/lil-nouns,"Lil noun avatar dance off "
1658477657,prophouse,https://prop.house/lil-nouns,"ROADMAP | a 3000km journey with lil nouns"
1658507211,prophouse,https://prop.house/lil-nouns,"Emoji portrait DAPP"
1658360048,prophouse,https://prop.house/lil-nouns,"Nouns Mural"
1658366817,prophouse,https://prop.house/lil-nouns,"lil nouns mini-treasure hunt puzzle activations"
1658371082,prophouse,https://prop.house/lil-nouns,"Lil Noun's x Rug Radio (Pilot Twitter Space)"
1658385652,prophouse,https://prop.house/lil-nouns,"üéÑüéÖ charity ‚ÄûSchrottwichteln‚Äù around the globe üéÖüéÑ"
1658421442,prophouse,https://prop.house/lil-nouns,"Lil Nouns x Seedphrase Partnership"
1658503070,onchain,https://lilnouns.wtf/vote/31,"# Animated Lil Nouns Introduct..."
1658444343,onchain,https://lilnouns.wtf/vote/30,"# Lil Sisters Fund## tl;dr..."
1658369927,onchain,https://lilnouns.wtf/vote/29,"# Re Fund Lil Grants Wallet wi..."
1657645304,onchain,https://lilnouns.wtf/vote/28,"# Fund Lil Nouns Prop Houset..."
1657201753,onchain,https://lilnouns.wtf/vote/27,"# Buy Noun 184(fixed typo th..."
1656943994,onchain,https://lilnouns.wtf/vote/26,"# Buy Noun 184Noun 184 has b..."
1656880491,onchain,https://lilnouns.wtf/vote/25,"# Delegate Nouns token to Leag..."
1656861271,onchain,https://lilnouns.wtf/vote/24,"# Seed Liquidity for Lil Nouns..."
1656551471,onchain,https://lilnouns.wtf/vote/23,"# Refund max-power.eth 30.6 ac..."
1656388232,onchain,https://lilnouns.wtf/vote/22,"# Lil Grants Season 2TLDR: R..."
1656385869,onchain,https://lilnouns.wtf/vote/21,"# Buy Noun 235## **Buy Noun ..."
1655422995,onchain,https://lilnouns.wtf/vote/20,"# atareh.eth as Chief content ..."
1655412061,onchain,https://lilnouns.wtf/vote/19,"# Buy Noun 264# Buy Noun 264..."
1655033443,onchain,https://lilnouns.wtf/vote/18,"# Acquire ENS Domain -- LilNou..."
1655032456,onchain,https://lilnouns.wtf/vote/17,"# Buy Noun 102## **Buy Noun ..."
1654708614,onchain,https://lilnouns.wtf/vote/16,"# 3,000 Water Purification Edu..."
1654484623,onchain,https://lilnouns.wtf/vote/15,"# Residency for lilal409Hey ..."
1654440835,onchain,https://lilnouns.wtf/vote/14,"# Lil Dot for Nouns DAO repres..."
1654382500,onchain,https://lilnouns.wtf/vote/13,"# Retroactive Funding and Lil ..."
1654271664,onchain,https://lilnouns.wtf/vote/12,"# delegate Nouns voting power ..."
1654268805,onchain,https://lilnouns.wtf/vote/11,"# Change Quorum requirement fr..."
1654030524,onchain,https://lilnouns.wtf/vote/10,"# Buy Noun #253 from Nouns DAO..."
1653701934,onchain,https://lilnouns.wtf/vote/9,"# Buy Noun #253 from Nouns DAO..."
1653459875,onchain,https://lilnouns.wtf/vote/8,"# Refund Emergency Hosting Cos..."
1653418395,onchain,https://lilnouns.wtf/vote/7,"# Partial ‚ÄòFat Finger‚Äô Refund..."
1653238827,onchain,https://lilnouns.wtf/vote/6,"# Set Voting Delay and Voting ..."
1653102293,onchain,https://lilnouns.wtf/vote/5,"# Fund Lil Nouns Prop HouseP..."
1653080732,onchain,https://lilnouns.wtf/vote/4,"# Purchase Steak Noun #287 for..."
1653080582,onchain,https://lilnouns.wtf/vote/3,"# Acquire Noun at marketAs b..."
1652820138,onchain,https://lilnouns.wtf/vote/2,"# Lower on-chain proposal thre..."
1652316384,onchain,https://lilnouns.wtf/vote/1,"# Create a mysterious server f..."
1658260134,snapshot,https://snapshot.org/#/al409.eth/proposal/0xd6944273879ae271658b500de4f0a222b8a0cb3cbfde6b3377602947875dc7ce,"teste"
1657497600,snapshot,https://snapshot.org/#/al409.eth/proposal/0x9988f4278fc5e123f53f0adb5837c3a2fb450040229127d13b6fd55cc7b7f3f0,"proposal from collective.xyz"
1657238400,snapshot,https://snapshot.org/#/al409.eth/proposal/0x63de6147ed61cfa8f0ec661a67008fa05df1695713a4a1d24fa499ad28811afd,"proposal from collective.xyz"
1657215174,snapshot,https://snapshot.org/#/al409.eth/proposal/0xb27f92ee180843ba0651e3aecb8279761a51a01c9f88c9094b88486d82f3a41a,"Raffle for voter engagement"
1656633600,snapshot,https://snapshot.org/#/al409.eth/proposal/0x826419f658756973034c4bf74503234e7a3f5587793bf0103d6ed3d9b268e087,"Test proposal using Collective API"
1656633600,snapshot,https://snapshot.org/#/al409.eth/proposal/0xc076a27bbceec696da7905d05113efcbd0a103167d89b96736e71ce6cc7a0275,"Test proposal using Collective API"
1656633600,snapshot,https://snapshot.org/#/al409.eth/proposal/0x1cac9745ef53789ba90aa17ef87109a2232d410c95957bbec2360bb7dbe70c70,"Test proposal using Collective API"
1656633600,snapshot,https://snapshot.org/#/al409.eth/proposal/0x0945e2ffcf69d04c0d626588ac4626f8c7561be08c2f0c188097f5745fb94c19,"Test proposal using Collective API"
1656633600,snapshot,https://snapshot.org/#/al409.eth/proposal/0xf9e08a4e4ad73d8e3b9bf4ead159f35586f5b1c726e8d0fa1ba50097d5921119,"Test proposal using Collective API"
1656633600,snapshot,https://snapshot.org/#/al409.eth/proposal/0x5a1a93694639078b4d178119e029b2ee6f8be06e07ffe2ed32c5d56ba2d3f6e6,"Test proposal using Collective API"
1656460800,snapshot,https://snapshot.org/#/al409.eth/proposal/0xfac686b15260d0073b47f23e052bd9c80b8b82665ef04bd853773d106d410b3e,"Test proposal using Collective API"
1656460800,snapshot,https://snapshot.org/#/al409.eth/proposal/0x151b62b91ebc781285fd912d1fa162bd9642fcb63425b5e0f071c754c6650775,"Test proposal using Collective API"
1656468984,snapshot,https://snapshot.org/#/al409.eth/proposal/0xf34a52280537fc1d8379a8feade36273e347971310742c4e733b659e06e75690,"League of Lil's Election"
1656125254,snapshot,https://snapshot.org/#/al409.eth/proposal/0x6dc4b7031fae5f578a25a53a6952361b591bd7b47a324632c1b0778d6d969c52,"test 4"
1656124823,snapshot,https://snapshot.org/#/al409.eth/proposal/0xec62818eec79372cefad58677d85aa5e32acc35b33c635d4e9005b2ca1ded597,"delegate election test part 2"
1656124617,snapshot,https://snapshot.org/#/al409.eth/proposal/0x8433c952526630c5129706b97d26174174de81b963844a2fa630feb9255538b1,"Nouns Delegate Term 1 Test"
1655779093,snapshot,https://snapshot.org/#/al409.eth/proposal/0x63468db9aca8e076ae8b770758360b57d9694601aec8cd83d25d87fb54bfeda2,"test"
1655443173,snapshot,https://snapshot.org/#/al409.eth/proposal/0xd5812c46feec8dfa2ebc910b71e8e68af6b8e68f1e112eebd18e38d51e0bf55f,"nounsdao proposal #test"
1653374572,discourse,https://discourse.lilnouns.wtf/t/welcome-to-lil-nouns-discourse/7,Welcome to Lil Nouns Discourse
1653948783,discourse,https://discourse.lilnouns.wtf/t/nftx-vault-for-lil-nouns/71,NFTX vault for Lil Nouns
1658504036,discourse,https://discourse.lilnouns.wtf/t/lil-noun-onboarding-video-series-in-spanish/264,Lil Noun onboarding video series in SPANISH!
1656805340,discourse,https://discourse.lilnouns.wtf/t/proposal-for-animated-lil-noun-introductory-video/190,Proposal for Animated Lil Noun Introductory Video
1658268812,discourse,https://discourse.lilnouns.wtf/t/i-m-gonna-walk-hitchhike-3000km-irl-with-lil-nouns/255,I`m Gonna Walk & Hitchhike 3000KM IRL with lil nouns
1658297703,discourse,https://discourse.lilnouns.wtf/t/lil-nouns-x-rug-radio-pilot-twitter-space/257,Lil Noun's x Rug Radio (Pilot Twitter Space)
1658226731,discourse,https://discourse.lilnouns.wtf/t/lil-nounish-hardware-wallet-cases/253,Lil Nounish Hardware Wallet Cases
1657075907,discourse,https://discourse.lilnouns.wtf/t/lil-grants-high-quality-engaging-lil-nouns-physical-merch/205,Lil Grants: High quality + engaging Lil Nouns Physical Merch
1657712911,discourse,https://discourse.lilnouns.wtf/t/lilnouns-eth-subdomains-for-holders/239,Lilnouns.eth subdomains for holders
1657807394,discourse,https://discourse.lilnouns.wtf/t/retro-funding-nouns-and-lil-nouns-in-chinese/246,RETRO FUNDING: Nouns and Lil Nouns in Chinese
1657553479,discourse,https://discourse.lilnouns.wtf/t/lil-grants-lil-nounish-potted-plants/229,Lil Grants: Lil Nounish Potted Plants
1657610997,discourse,https://discourse.lilnouns.wtf/t/shining-nouns-projection-mapping-for-proliferation/234,Shining Nouns! Projection Mapping for Proliferation!
1657747110,discourse,https://discourse.lilnouns.wtf/t/proposal-run-lil-grants-season-3-on-collective-to-increase-engagement/243,Proposal: Run Lil Grants Season 3 on Collective to increase engagement
1657029429,discourse,https://discourse.lilnouns.wtf/t/cc0-nounga-song-and-build-out-nounga/198,CC0 Nounga song and build out Nounga
1657300773,discourse,https://discourse.lilnouns.wtf/t/items-irl-or-digital-for-milestones/220,Items IRL or Digital for milestones
1657246055,discourse,https://discourse.lilnouns.wtf/t/starting-spanish-community-onboarding-and-expansion/218,Starting #spanish community onboarding and expansion
1656948284,discourse,https://discourse.lilnouns.wtf/t/twitter-auction-notification-bot/196,Twitter Auction Notification Bot
1657148855,discourse,https://discourse.lilnouns.wtf/t/lil-nouns-traits-finder/209,Lil Nouns Traits Finder
1656287726,discourse,https://discourse.lilnouns.wtf/t/lil-splats-extension-project/171,Lil Splats - Extension Project
1657220195,discourse,https://discourse.lilnouns.wtf/t/lil-nouns-center/212,Lil Nouns Center
1655387644,discourse,https://discourse.lilnouns.wtf/t/lil-grants-german-speaker-friendly-community-nounsdach/144,Lil Grants: german-speaker-friendly community: nounsDACH
1655080875,discourse,https://discourse.lilnouns.wtf/t/example-lil-grants-request/137,Example Lil Grants Request
1655076446,discourse,https://discourse.lilnouns.wtf/t/lilnouns-voting-bulletin-board/133,Lil'Nouns Voting Bulletin Board
1656547219,discourse,https://discourse.lilnouns.wtf/t/prop-fund-31-projects-in-31-days/185,[PROP] Fund 31 projects in 31 days
1655157509,discourse,https://discourse.lilnouns.wtf/t/remburse-unstoppable-domains-nft-domains-for-lil-nouns/141,Remburse Unstoppable Domains NFT domains for Lil Nouns
1656451643,discourse,https://discourse.lilnouns.wtf/t/prop-chess-nouns-2-artisan-wooden-chessboard/181,[PROP] Chess Nouns #2 ‚ôõ‚ôö Artisan Wooden Chessboard
1654990708,discourse,https://discourse.lilnouns.wtf/t/media-communications-residency-for-lil-trav/122,Media Communications Residency for lil trav
1655665550,discourse,https://discourse.lilnouns.wtf/t/meet-the-lil-nouners-podcast/155,Meet the Lil Nouners: Podcast
1655035882,discourse,https://discourse.lilnouns.wtf/t/change-of-emission-schedule-to-nouns-dao/127,Change of Emission Schedule to Nouns Dao
1655441156,discourse,https://discourse.lilnouns.wtf/t/public-good-swapping-and-dynamic-reserve/145,Public Good: Swapping and Dynamic Reserve
